forename,age,date,year,borough
Barrington Derrick,19,2006-01-02,2006,Hackney
Aaron,24,2006-01-02,2006,Lewisham
Christopher,22,2006-01-03,2006,Hillingdon
Thomas Philip,18,2006-01-04,2006,Camden
Amanda,26,2006-01-04,2006,Camden
Siva-Kumar,44,2006-01-05,2006,Brent
Doreen,39,2006-01-08,2006,Croydon
Matthew Roy,21,2006-01-09,2006,Lambeth
Joan,78,2006-01-09,2006,Enfield
Monsur,27,2006-01-11,2006,Hackney
Balbir,54,2006-01-12,2006,Newham
Thomas Mervin,31,2006-01-13,2006,Brent
Leon,26,2006-01-15,2006,Kensington & Chelsea
Christopher,17,2006-01-20,2006,Barking & Dagenham
Makhan,25,2006-01-22,2006,Hounslow
Pamela June,70,2006-01-28,2006,Hillingdon
Mahir,18,2006-01-29,2006,Camden
Avni,36,2006-01-29,2006,Newham
Thomas,42,2006-02-02,2006,Lambeth
Roy Kenneth,62,2006-02-04,2006,Hounslow
Michael,21,2006-02-04,2006,Enfield
Mehar Singh,68,2006-02-04,2006,Newham
Norman,29,2006-02-17,2006,Croydon
Henry Kwame,22,2006-02-18,2006,Hackney
Barry Michael,39,2006-02-19,2006,Bromley
Matthew,22,2006-02-19,2006,Merton
Violet Elizabeth,100,2006-02-20,2006,Newham
Lesley,52,2006-02-21,2006,Wandsworth
Alexandre Madeira,61,2006-02-22,2006,Westminster
Ernest,67,2006-02-26,2006,Bexley
Colleen,36,2006-02-26,2006,Hillingdon
Michael Francis,53,2006-02-27,2006,Lambeth
Banaz,20,2006-02-28,2006,Merton
Ragbir,30,2006-03-04,2006,Greenwich
Kevin,35,2006-03-07,2006,Greenwich
Jordan,20,2006-03-08,2006,Croydon
Lalya,21,2006-03-08,2006,Croydon
Martin,44,2006-03-09,2006,Waltham Forest
Mohammed,21,2006-03-11,2006,Westminster
Inderpal,31,2006-03-16,2006,Newham
Maria,71,2006-03-16,2006,Camden
Mayaran Jaffma,22,2006-03-17,2006,Ealing
Leon Darryl,23,2006-03-24,2006,Hackney
Harvey,1,2006-03-27,2006,Havering
John Michael,29,2006-04-01,2006,Bromley
Russell John,42,2006-04-01,2006,Barking & Dagenham
unnamed,1,2006-04-03,2006,Enfield
Michael Hugh,40,2006-04-05,2006,Southwark
Cheryl Irene,33,2006-04-06,2006,Havering
Mohinder Kaur,70,2006-04-07,2006,Newham
Andrew,26,2006-04-08,2006,Lewisham
Coline,38,2006-04-13,2006,Barnet
Jaden Chimaobi,1,2006-04-13,2006,Barking & Dagenham
Roselyn,72,2006-04-13,2006,Barking & Dagenham
Jeriel Okechukwu,3,2006-04-13,2006,Barking & Dagenham
Fabian,18,2006-04-19,2006,Wandsworth
Hayder,23,2006-04-23,2006,Wandsworth
Mohammed,24,2006-04-23,2006,Wandsworth
Peter,37,2006-04-24,2006,Hackney
Simon Carlo,39,2006-04-24,2006,Lambeth
Hodan,25,2006-04-25,2006,Islington
Deivinas,13,2006-04-26,2006,Newham
Khizar,54,2006-04-27,2006,Lambeth
Patrick O' ,51,2006-05-02,2006,Kingston
Aqibullah,25,2006-05-02,2006,Hounslow
RockyMark,24,2006-05-03,2006,Havering
Hamidullah,31,2006-05-04,2006,Lambeth
Johnny,30,2006-05-05,2006,Wandsworth
Raymond John,55,2006-05-07,2006,Lambeth
Jack,64,2006-05-08,2006,Ealing
Kevin Patrick,35,2006-05-08,2006,Hillingdon
David Benjamin,29,2006-05-09,2006,Bromley
Paul,28,2006-05-12,2006,Lambeth
Nisha,29,2006-05-12,2006,Brent
Kiyan,15,2006-05-18,2006,Barnet
Harminder,23,2006-05-19,2006,Ealing
Selmore,49,2006-05-19,2006,Hammersmith & Fulham
TracyAnn,39,2006-06-01,2006,Croydon
Harnak,34,2006-06-05,2006,Ealing
Alex Mulumba,15,2006-06-09,2006,Lambeth
Malcolm,43,2006-06-10,2006,Barking & Dagenham
GarySteven,39,2006-06-10,2006,Waltham Forest
Allan,86,2006-06-22,2006,Camden
John Cooper,60,2006-06-23,2006,Croydon
Timothy,49,2006-06-23,2006,Camden
Stephen,51,2006-06-28,2006,Islington
linda,3,2006-07-01,2006,Haringey
Nicholas Adam,27,2006-07-01,2006,Ealing
Lee,81,2006-07-06,2006,Camden
Dean,29,2006-07-12,2006,Southwark
Julian,16,2006-07-15,2006,Bexley
Akim Akin Jidie,24,2006-07-16,2006,Enfield
Egeli,27,2006-07-17,2006,Merton
Julian,53,2006-07-17,2006,Wandsworth
Jason Alwyn Freddric,29,2006-07-18,2006,Brent
Daniel,29,2006-07-23,2006,Barnet
Kashmir,54,2006-07-24,2006,Croydon
Simon,20,2006-07-25,2006,Waltham Forest
Remi,69,2006-07-25,2006,Lewisham
David,46,2006-07-26,2006,Havering
Luke,33,2006-07-27,2006,Richmond
Josenir,32,2006-07-29,2006,Haringey
Rajdeep,24,2006-08-09,2006,Harrow
Sherif,18,2006-08-12,2006,Islington
Peter,38,2006-08-13,2006,Newham
Sede,24,2006-08-15,2006,Westminster
Thanh,43,2006-08-18,2006,Hackney
Peter,22,2006-08-22,2006,Newham
Jonathan Mclean,25,2006-08-23,2006,Southwark
MarkFrancis,38,2006-08-23,2006,Lambeth
Mark,36,2006-08-31,2006,Hillingdon
I an,34,2006-08-31,2006,Westminster
Thomas George,16,2006-09-01,2006,Newham
Hassan,44,2006-09-01,2006,Hackney
Sivaprakash,33,2006-09-01,2006,Brent
Carmelite,51,2006-09-06,2006,Lambeth
Tahla,1,2006-09-06,2006,Ealing
Mohamed Said,46,2006-09-06,2006,Waltham Forest
GaryMark,43,2006-09-09,2006,Newham
Patrick,30,2006-09-10,2006,Camden
Duncan Charles,52,2006-09-12,2006,Greenwich
Joseph Robert,39,2006-09-13,2006,Islington
Wendy,32,2006-09-14,2006,Ealing
Lucy Thomasin,25,2006-09-15,2006,Harrow
Delius,36,2006-09-15,2006,Newham
tomlouis,22,2006-09-16,2006,Islington
Jason,29,2006-09-18,2006,Lewisham
Vulstan,20,2006-09-23,2006,Islington
Daniel,22,2006-09-24,2006,Camden
Gurinder,24,2006-09-24,2006,Hounslow
Stuart Christopher,45,2006-09-30,2006,Wandsworth
Eddie,51,2006-10-02,2006,Kensington & Chelsea
Steven,40,2006-10-02,2006,Hackney
Jan,29,2006-10-06,2006,Merton
Sumon,21,2006-10-09,2006,Waltham Forest
Brian Paul,46,2006-10-11,2006,Camden
Paul,19,2006-10-12,2006,Barking & Dagenham
Alison Marie,33,2006-10-12,2006,Hounslow
Ronald,45,2006-10-13,2006,Hillingdon
David,22,2006-10-14,2006,Brent
Prel,22,2006-10-14,2006,Ealing
Thi Hoa,54,2006-10-19,2006,Greenwich
Brian,30,2006-10-19,2006,Havering
Michael,19,2006-10-21,2006,Newham
Anton,24,2006-10-23,2006,Lambeth
Jerome,19,2006-10-28,2006,Haringey
Stephen,53,2006-10-28,2006,Newham
Jamal,19,2006-11-01,2006,Southwark
Eugene,16,2006-11-06,2006,Merton
Kam Fun,65,2006-11-06,2006,Hillingdon
Gerald Michael,53,2006-11-12,2006,Camden
Aivar,45,2006-11-12,2006,Barking & Dagenham
Ian,19,2006-11-12,2006,Barnet
Arian,22,2006-11-18,2006,Hackney
Darren,20,2006-11-20,2006,Hackney
Paul,41,2006-11-23,2006,Merton
Suryakant,60,2006-11-24,2006,Hillingdon
Emmanuel,19,2006-11-28,2006,Lewisham
Laila,55,2006-12-01,2006,Kingston
Sean,36,2006-12-04,2006,Sutton
Edwin,44,2006-12-05,2006,Lambeth
Miroslaw Aleksander,51,2006-12-06,2006,Southwark
Peter,44,2006-12-08,2006,Merton
Kishor,46,2006-12-10,2006,Haringey
Edward,25,2006-12-10,2006,Bexley
Jason,35,2006-12-11,2006,Lambeth
Isaac Kofi,25,2006-12-16,2006,Wandsworth
Cammille,21,2006-12-20,2006,Hackney
Pawel,27,2006-12-22,2006,Hammersmith & Fulham
Janelle,1,2006-12-24,2006,Sutton
Neo,1,2006-12-24,2006,Havering
Ferozur,83,2006-12-29,2006,Tower Hamlets
Stephen,17,2007-01-01,2007,Barking & Dagenham
Atiyebi Victor,25,2007-01-02,2007,Barking & Dagenham
Clive,44,2007-01-07,2007,Wandsworth
Dean Rashid,18,2007-01-09,2007,Haringey
Anika,5,2007-01-10,2007,Newham
Thanha,6,2007-01-10,2007,Newham
Juli,26,2007-01-10,2007,Newham
Catherine,28,2007-01-14,2007,Lambeth
Michael,29,2007-01-20,2007,Lambeth
Genina,50,2007-01-21,2007,Hackney
RobertWilliam,57,2007-01-25,2007,Barnet
Jevon,18,2007-01-25,2007,Westminster
Rakesh,34,2007-01-25,2007,Ealing
Paulo,29,2007-01-26,2007,Ealing
Kenice,3,2007-01-27,2007,Hackney
Anton,10,2007-01-27,2007,Hackney
Dean,37,2007-01-29,2007,Hounslow
Joseph,24,2007-01-31,2007,Haringey
Javarie,21,2007-02-03,2007,Southwark
James Andre,16,2007-02-04,2007,Lambeth
Len,47,2007-02-04,2007,Southwark
Michael,15,2007-02-06,2007,Southwark
William,15,2007-02-15,2007,Lambeth
Acioli Pariz,29,2007-02-15,2007,Westminster
Craig,30,2007-02-17,2007,Hackney
Tina Nicola,38,2007-02-18,2007,Bromley
Frederick,49,2007-02-19,2007,Islington
Margaret,29,2007-02-20,2007,Tower Hamlets
Mark,30,2007-02-27,2007,Hillingdon
Rizwan,25,2007-03-03,2007,Newham
Harsh,1,2007-03-04,2007,Wandsworth
Tyno,20,2007-03-06,2007,Hammersmith & Fulham
Charlie,31,2007-03-06,2007,Hillingdon
Kodjo,16,2007-03-15,2007,Hammersmith & Fulham
Adam,15,2007-03-18,2007,Newham
Susan,43,2007-03-29,2007,Greenwich
Jaspreet,25,2007-03-31,2007,Redbridge
Stephen O' ,54,2007-04-03,2007,Lambeth
George Arthur,67,2007-04-06,2007,Greenwich
Howard Uriah,47,2007-04-06,2007,Croydon
Krystal May,22,2007-04-07,2007,Wandsworth
Paul,14,2007-04-07,2007,Waltham Forest
Anhar,37,2007-04-10,2007,Newham
Dylan,1,2007-04-14,2007,Westminster
Nigel,54,2007-04-18,2007,Bromley
zingzing,23,2007-04-19,2007,Southwark
Adam,15,2007-04-23,2007,Enfield
Hylene,1,2007-04-26,2007,Redbridge
Janet,32,2007-04-27,2007,Newham
Alfred Christopher,25,2007-04-28,2007,Lambeth
Barry,27,2007-04-28,2007,Greenwich
Warren,23,2007-05-03,2007,Lewisham
Marcus James,29,2007-05-03,2007,Havering
Mary,1,2007-05-05,2007,Croydon
Mickael,5,2007-05-05,2007,Croydon
Mohammed Ali,41,2007-05-07,2007,Islington
Paul,25,2007-05-07,2007,Bromley
Dwaine,18,2007-05-19,2007,Croydon
TarsemLai,44,2007-05-20,2007,Hillingdon
Stephen,36,2007-05-23,2007,Ealing
Danielle,17,2007-05-28,2007,Enfield
Anas,1,2007-05-30,2007,Westminster
Mark,39,2007-06-01,2007,Havering
Rizwie Mohammed,28,2007-06-02,2007,Lambeth
Yanire,2,2007-06-03,2007,Lambeth
Micheal,67,2007-06-03,2007,Tower Hamlets
Ivars,25,2007-06-04,2007,Newham
Ahmed,56,2007-06-05,2007,Ealing
Carlos Andres,28,2007-06-06,2007,Lambeth
Reuben Rodriguez,30,2007-06-06,2007,Lambeth
Norman,59,2007-06-09,2007,Bromley
George,59,2007-06-10,2007,Newham
Ghiass,49,2007-06-12,2007,Barnet
James,44,2007-06-13,2007,Hackney
Pirabaskaran,28,2007-06-15,2007,Wandsworth
Orlando,28,2007-06-16,2007,Lambeth
Eduardo,50,2007-06-17,2007,Hammersmith & Fulham
Lee,30,2007-06-17,2007,Havering
Sian,18,2007-06-20,2007,Croydon
Ken,38,2007-06-20,2007,Lambeth
Elide,38,2007-06-21,2007,Haringey
Anika,19,2007-06-23,2007,Haringey
CarlosEduardo,23,2007-06-23,2007,Ealing
Mikey,23,2007-06-23,2007,Kingston
Ben,16,2007-06-24,2007,Bromley
Martin,14,2007-06-27,2007,Islington
Abu,18,2007-06-27,2007,Redbridge
Laurentiu,33,2007-06-28,2007,Camden
Natalie,22,2007-07-02,2007,Enfield
David Richard,33,2007-07-04,2007,Hillingdon
Duane,20,2007-07-05,2007,Enfield
Mindogas,21,2007-07-08,2007,Barking & Dagenham
Mai Choo,53,2007-07-09,2007,Enfield
Abdala,20,2007-07-15,2007,Greenwich
Kola,28,2007-07-15,2007,Lambeth
James,45,2007-07-23,2007,Hammersmith & Fulham
Abukah,16,2007-07-26,2007,Lambeth
Jackie,49,2007-07-26,2007,Lambeth
Xiong,33,2007-07-29,2007,Barking & Dagenham
Leon,23,2007-08-01,2007,Lambeth
Martin,33,2007-08-02,2007,Camden
Anthony,34,2007-08-04,2007,Waltham Forest
Patrick,34,2007-08-04,2007,Southwark
Nathan,18,2007-08-05,2007,Lambeth
Daraj,33,2007-08-05,2007,Redbridge
Evren,23,2007-08-05,2007,Lambeth
Jurij,29,2007-08-07,2007,Brent
Dilwar,28,2007-08-10,2007,Tower Hamlets
Peter,1,2007-08-10,2007,Haringey
Miriam,62,2007-08-11,2007,Camden
David,54,2007-08-13,2007,Enfield
Madidi,2,2007-08-14,2007,Barking & Dagenham
Stacey,23,2007-08-18,2007,Hammersmith & Fulham
Steven,23,2007-08-19,2007,Croydon
Stephen Raymond,45,2007-08-26,2007,Greenwich
Iris,78,2007-08-29,2007,Hounslow
Mohammed,17,2007-08-31,2007,Newham
RenzoYilmaz,1,2007-09-02,2007,Hackney
Muktar,20,2007-09-02,2007,Westminster
Julian,43,2007-09-03,2007,Lambeth
Nicholas,34,2007-09-03,2007,Greenwich
Yasin,22,2007-09-04,2007,Ealing
Martin,35,2007-09-07,2007,Hammersmith & Fulham
Moses,41,2007-09-08,2007,Southwark
Anthony,49,2007-09-11,2007,Greenwich
Liam,32,2007-09-12,2007,Lambeth
Donald,20,2007-09-13,2007,Waltham Forest
Gareth,30,2007-09-15,2007,Hounslow
Edvin,19,2007-09-17,2007,Southwark
Daniel,26,2007-09-19,2007,Ealing
Donald,51,2007-09-21,2007,Camden
Mojtabi,27,2007-09-24,2007,Lambeth
Joseph,1,2007-09-24,2007,Waltham Forest
Magda,26,2007-10-02,2007,Lewisham
Robel,21,2007-10-03,2007,Lambeth
Diane,47,2007-10-05,2007,Lewisham
Rizwan,17,2007-10-07,2007,Newham
Mahendran,48,2007-10-08,2007,Brent
Xiao Mai,28,2007-10-10,2007,Southwark
Mark,44,2007-10-12,2007,Bexley
Bonnie,24,2007-10-12,2007,Southwark
Philip,18,2007-10-15,2007,Greenwich
Gary,35,2007-10-24,2007,Lambeth
Sean,1,2007-10-29,2007,Barnet
Eliatamby,60,2007-11-03,2007,Haringey
Betty,84,2007-11-04,2007,Lewisham
Kelvin,37,2007-11-09,2007,Haringey
Leigh,33,2007-11-10,2007,Havering
Etem,17,2007-11-15,2007,Hackney
Margaret,80,2007-11-16,2007,Bromley
Bienda,17,2007-11-17,2007,Newham
Charles,55,2007-11-23,2007,Westminster
Kayiode,40,2007-11-23,2007,Croydon
Ewa,39,2007-11-26,2007,Newham
Michael,57,2007-11-29,2007,Sutton
Stanley Edward John,39,2007-11-30,2007,Sutton
Jenya,22,2007-12-02,2007,Bromley
Brendan,48,2007-12-03,2007,Southwark
Billy,21,2007-12-08,2007,Croydon
David,16,2007-12-16,2007,Hackney
Kazi MuhammadMahbab,27,2007-12-19,2007,Redbridge
Dipo,20,2007-12-27,2007,Southwark
Nassirudeen,16,2007-12-27,2007,Islington
Henry,18,2008-01-03,2008,Enfield
Yvonne,44,2008-01-06,2008,Lambeth
Faridon,18,2008-01-07,2008,Bexley
Enrique Daniel,58,2008-01-08,2008,Brent
Khalil,25,2008-01-13,2008,Lambeth
James Richard,36,2008-01-17,2008,Wandsworth
Louis,18,2008-01-21,2008,Enfield
James Anthony,51,2008-01-23,2008,Islington
Joseph,43,2008-01-23,2008,Barnet
Fuad,19,2008-01-26,2008,Ealing
David,40,2008-01-28,2008,Merton
Lakhdar,43,2008-02-07,2008,Camden
Kevin,27,2008-02-08,2008,Newham
Alexsejs,28,2008-02-11,2008,Hillingdon
Steven Robert,36,2008-02-18,2008,Wandsworth
Emma,33,2008-02-18,2008,Croydon
Sunday,15,2008-02-19,2008,Greenwich
Jill,62,2008-02-21,2008,Merton
Tung,17,2008-02-23,2008,Westminster
Lloyd,21,2008-02-26,2008,Merton
Ade,57,2008-02-28,2008,Newham
Elouise,26,2008-02-28,2008,Hounslow
Zuhib Said,23,2008-03-02,2008,Redbridge
lyke,16,2008-03-03,2008,Enfield
I an,43,2008-03-03,2008,Brent
Alan,66,2008-03-06,2008,Brent
Michael O' ,45,2008-03-09,2008,Hackney
Gabriel Gustavo,33,2008-03-12,2008,Lambeth
Michael,18,2008-03-14,2008,Enfield
Anthony,41,2008-03-14,2008,Islington
Nicholas,19,2008-03-15,2008,Lambeth
Martine,23,2008-03-16,2008,Westminster
Cergio,32,2008-03-20,2008,Hackney
Tames,45,2008-03-21,2008,Harrow
Jamie,33,2008-03-23,2008,Hackney
Amro,14,2008-03-27,2008,Westminster
Devoe,17,2008-03-27,2008,Hackney
Khalifs,68,2008-03-30,2008,Waltham Forest
Bohdan,40,2008-03-31,2008,Southwark
Bakari,24,2008-04-01,2008,Enfield
Arulanantham,66,2008-04-03,2008,Redbridge
Colin,37,2008-04-05,2008,Greenwich
WaveneyAugustin,70,2008-04-06,2008,Hackney
Harry,56,2008-04-15,2008,Merton
Leslie,51,2008-04-20,2008,Barking & Dagenham
Zhong Ping,36,2008-04-22,2008,Waltham Forest
Jams,26,2008-04-22,2008,Tower Hamlets
Graham Michael,41,2008-04-25,2008,Bexley
David,44,2008-04-27,2008,Brent
Bishal,23,2008-04-28,2008,Westminster
Wayne,25,2008-04-29,2008,Brent
Micheal,43,2008-05-02,2008,Brent
Timur,26,2008-05-02,2008,Haringey
Lyle,15,2008-05-03,2008,Southwark
Kemal,42,2008-05-03,2008,Haringey
Anthony,21,2008-05-07,2008,Southwark
Christina,69,2008-05-09,2008,Barnet
Jimmy,16,2008-05-10,2008,Lewisham
Steven,22,2008-05-14,2008,Westminster
Rosimeiri,19,2008-05-18,2008,Greenwich
Ron,62,2008-05-21,2008,Greenwich
Stephanie,34,2008-05-22,2008,Haringey
James,29,2008-05-24,2008,Barnet
Sharmaarke,17,2008-05-25,2008,Camden
Robert,18,2008-05-25,2008,Bexley
Nyaraui,34,2008-05-26,2008,Lambeth
Shajrania,4,2008-05-31,2008,Sutton
Shanjayan,5,2008-05-31,2008,Sutton
Janusz,36,2008-06-01,2008,Brent
Arsema,15,2008-06-02,2008,Lambeth
Samantha,36,2008-06-03,2008,Enfield
Thiyagarajan,40,2008-06-04,2008,Brent
Mohammed Yassini,1,2008-06-10,2008,Tower Hamlets
Kevin,57,2008-06-11,2008,Merton
Abi,39,2008-06-14,2008,Islington
David,14,2008-06-17,2008,Southwark
Rahmona,23,2008-06-20,2008,Islington
John,24,2008-06-28,2008,Lewisham
Ben,16,2008-06-29,2008,Islington
Laurent,23,2008-06-30,2008,Lewisham
Gabriel,23,2008-06-30,2008,Lewisham
Virginia,71,2008-06-30,2008,Havering
Hamouda,34,2008-07-01,2008,Southwark
Dee,28,2008-07-02,2008,Southwark
Shakilus Romia,16,2008-07-03,2008,Croydon
Ashley,23,2008-07-06,2008,Tower Hamlets
Dylan,21,2008-07-07,2008,Tower Hamlets
Genadijis,42,2008-07-10,2008,Haringey
Melvin Leon,18,2008-07-11,2008,Enfield
Yusefu,20,2008-07-11,2008,Waltham Forest
Adnan,21,2008-07-11,2008,Waltham Forest
Jusna,36,2008-07-17,2008,Newham
Frederick,18,2008-07-18,2008,Lambeth
Elliot,27,2008-07-19,2008,Islington
Sylwia,26,2008-07-22,2008,Hackney
Rafal,32,2008-07-23,2008,Westminster
Curtis Richard,36,2008-07-27,2008,Tower Hamlets
Simon,44,2008-07-27,2008,Lambeth
Khach,36,2008-07-30,2008,Hackney
Penelope,38,2008-07-31,2008,Islington
Gemma,24,2008-08-01,2008,Wandsworth
Carl,47,2008-08-02,2008,Newham
Andrew,43,2008-08-03,2008,Lambeth
DeannaLouise,39,2008-08-03,2008,Southwark
Ryan,18,2008-08-07,2008,Southwark
Kitts,60,2008-08-10,2008,Ealing
Khayrun,70,2008-08-13,2008,Tower Hamlets
Nilanthan,17,2008-08-16,2008,Croydon
Johnathan,36,2008-08-16,2008,Waltham Forest
Ezcekiel,24,2008-08-22,2008,Southwark
Charles,18,2008-08-24,2008,Waltham Forest
Julie Marie,38,2008-08-27,2008,Waltham Forest
Adrian Jair,32,2008-08-28,2008,Westminster
Shaquille,14,2008-08-31,2008,Hackney
Marilyn,49,2008-09-01,2008,Southwark
Michael Victor Georg,67,2008-09-11,2008,Sutton
Oliver,19,2008-09-13,2008,Croydon
David,54,2008-09-16,2008,Islington
Gloria,53,2008-09-16,2008,Southwark
Graham,51,2008-09-19,2008,Bromley
Gordon,22,2008-09-20,2008,Lambeth
Sehrish,23,2008-09-23,2008,Newham
Craig Steven,19,2008-09-26,2008,Ealing
Lee Anthony,22,2008-09-26,2008,Bromley
Chelsey,30,2008-10-02,2008,Hounslow
Merlita,53,2008-10-03,2008,Waltham Forest
Errol,24,2008-10-05,2008,Southwark
Robert Sheppard,27,2008-10-05,2008,Hounslow
Shireen,41,2008-10-05,2008,Ealing
Cima,27,2008-10-06,2008,Barnet
Ashley,20,2008-10-18,2008,Lambeth
Timothy John,39,2008-10-18,2008,Hillingdon
Tara,35,2008-10-21,2008,Greenwich
Charlie,1,2008-10-24,2008,Bexley
Luthan,34,2008-10-26,2008,Lambeth
Nathan,20,2008-11-05,2008,Wandsworth
Nabeer,19,2008-11-08,2008,Redbridge
Katherine,46,2008-11-14,2008,Enfield
David,28,2008-11-20,2008,Greenwich
Jason Joele,24,2008-11-22,2008,Ealing
Tuley,25,2008-11-26,2008,Redbridge
Ricardo,20,2008-11-27,2008,Croydon
Dilip,48,2008-11-27,2008,Brent
Tatiana,47,2008-11-27,2008,Lambeth
Christopher Paul,35,2008-11-28,2008,Islington
BarryRobert,44,2008-11-29,2008,Croydon
Steve,43,2008-11-30,2008,Hillingdon
Daniel,33,2008-12-03,2008,Lewisham
Andrew James,52,2008-12-10,2008,Wandsworth
Davion,26,2008-12-19,2008,Lambeth
Craig,20,2008-12-25,2008,Hammersmith & Fulham
Pwel,37,2008-12-25,2008,Enfield
David,39,2008-12-26,2008,Southwark
Terence,67,2008-12-27,2008,Tower Hamlets
Bobby,1,2008-12-29,2008,Bexley
Eveline,83,2009-01-02,2009,Hackney
Rose,61,2009-01-05,2009,Lambeth
Sher,61,2009-01-09,2009,Newham
Molly,81,2009-01-16,2009,Harrow
Syed Qamar,28,2009-01-16,2009,Tower Hamlets
Zydrunas,36,2009-01-24,2009,Enfield
Stephen,15,2009-01-25,2009,Newham
Bartosz,26,2009-01-25,2009,Brent
Tomasz,28,2009-01-27,2009,Lambeth
Lakhvinder,39,2009-01-29,2009,Hounslow
John Nii Kescu,26,2009-01-30,2009,Croydon
Reginald,26,2009-01-31,2009,Hackney
Shawn,25,2009-02-08,2009,Brent
Damion,29,2009-02-13,2009,Haringey
Varsha,43,2009-02-13,2009,Merton
Gary,46,2009-02-17,2009,Waltham Forest
Kul,19,2009-02-19,2009,Harrow
Michael,17,2009-02-20,2009,Newham
Joseph Stelmore,40,2009-02-21,2009,Lewisham
Larry,25,2009-02-22,2009,Southwark
Shannon,17,2009-02-22,2009,Tower Hamlets
Pauline,57,2009-02-22,2009,Tower Hamlets
Clifford,64,2009-02-24,2009,Waltham Forest
Kulvir,22,2009-02-28,2009,Hounslow
Rasool,20,2009-03-03,2009,Haringey
Gerald,54,2009-03-04,2009,Bromley
Joseph,35,2009-03-05,2009,Greenwich
Sunny,33,2009-03-05,2009,Greenwich
Atef,27,2009-03-06,2009,Westminster
David,53,2009-03-09,2009,Barking & Dagenham
Wahab Amins,18,2009-03-14,2009,Waltham Forest
Abdulkarim,18,2009-03-15,2009,Haringey
Chelsea,16,2009-03-18,2009,Bexley
Tom,17,2009-03-18,2009,Bexley
I an,45,2009-03-22,2009,Ealing
Gloria,48,2009-03-22,2009,Camden
Ahmet,50,2009-03-23,2009,Islington
Maureen,65,2009-03-24,2009,Sutton
Tina,45,2009-03-27,2009,Southwark
Paul,25,2009-03-29,2009,Greenwich
Camille,27,2009-04-04,2009,Tower Hamlets
Daniel,45,2009-04-14,2009,Barking & Dagenham
Jade Gavin,26,2009-04-21,2009,Newham
Joseph,84,2009-04-23,2009,Wandsworth
Alcan,20,2009-04-27,2009,Hackney
Christopher,16,2009-04-28,2009,Lambeth
Darcy,20,2009-05-01,2009,Wandsworth
Sanchez,20,2009-05-01,2009,Hillingdon
Paul,76,2009-05-03,2009,Wandsworth
Abdullah Barre,45,2009-05-05,2009,Greenwich
Adam,18,2009-05-07,2009,Lewisham
Darryl,39,2009-05-16,2009,Haringey
Wesley,27,2009-05-18,2009,Croydon
Ian,41,2009-05-18,2009,Lewisham
Jahmal,17,2009-05-23,2009,Hackney
Lascell,63,2009-05-27,2009,Haringey
Michelle,35,2009-05-30,2009,Waltham Forest
Garry,32,2009-05-30,2009,Brent
Anthony,28,2009-06-05,2009,Hammersmith & Fulham
Orville,48,2009-06-05,2009,Redbridge
Kayjah,1,2009-06-14,2009,Hackney
Gary,30,2009-06-15,2009,Lambeth
Wieslaw,46,2009-06-18,2009,Haringey
Ali,32,2009-06-21,2009,Hammersmith & Fulham
Maleha,15,2009-06-26,2009,Wandsworth
Nabiha,21,2009-06-26,2009,Wandsworth
Eric,60,2009-06-27,2009,Newham
Sandra,53,2009-07-08,2009,Enfield
Myung Chul,38,2009-07-08,2009,Kingston
Elif,42,2009-07-10,2009,Brent
David,20,2009-07-11,2009,Newham
Duncan,55,2009-07-15,2009,Islington
Ryan,36,2009-07-17,2009,Bromley
Edward,79,2009-07-18,2009,Greenwich
Jayden,1,2009-07-23,2009,Islington
Nadin,32,2009-07-25,2009,Westminster
Nathan,24,2009-07-28,2009,Lewisham
AnthonyDeniz Edwin,46,2009-07-28,2009,Croydon
Carl,19,2009-08-01,2009,Lambeth
David,28,2009-08-11,2009,Sutton
Daniel,27,2009-08-17,2009,Southwark
Tomas,21,2009-08-30,2009,Hillingdon
Gary,25,2009-08-31,2009,Southwark
Larry,24,2009-09-03,2009,Lambeth
Gary,40,2009-09-03,2009,Havering
Edward John,29,2009-09-06,2009,Hackney
Syed Shazad,23,2009-09-07,2009,Newham
Perseus,64,2009-09-08,2009,Lewisham
Andrew,47,2009-09-09,2009,Southwark
JuniorPerry,24,2009-09-11,2009,Southwark
Ekram,66,2009-09-11,2009,Wandsworth
Lisa,30,2009-09-16,2009,Greenwich
Sami,24,2009-09-21,2009,Tower Hamlets
I an,62,2009-09-26,2009,Westminster
Adam,39,2009-09-27,2009,Haringey
Charles Stuart,64,2009-09-27,2009,Bexley
Leah Gabrielle,37,2009-09-29,2009,Lewisham
Barry,61,2009-09-30,2009,Croydon
Elizabeth,60,2009-09-30,2009,Croydon
Oktay,23,2009-10-02,2009,Haringey
Cam,21,2009-10-06,2009,Hackney
George,60,2009-10-08,2009,Barnet
Olga,35,2009-10-19,2009,Harrow
Saranvanan,24,2009-10-20,2009,Croydon
Donald,60,2009-10-21,2009,Lambeth
Luciano,49,2009-10-21,2009,Lambeth
Ayodele,36,2009-10-22,2009,Lewisham
Moses,22,2009-10-31,2009,Bexley
Moses,36,2009-10-31,2009,Bromley
Paulius,25,2009-10-31,2009,Newham
Richard,23,2009-11-01,2009,Bromley
Ben,30,2009-11-01,2009,Sutton
Daniel,22,2009-11-03,2009,Southwark
Anthony,20,2009-11-06,2009,Brent
Destiny,29,2009-11-06,2009,Camden
Shenol,19,2009-11-09,2009,Harrow
Charles ArthurWilli,65,2009-11-16,2009,Tower Hamlets
Gaeta,28,2009-11-17,2009,Ealing
Natalie,27,2009-11-19,2009,Barking & Dagenham
Micheal,19,2009-11-20,2009,Hackney
Wilson,3,2009-11-23,2009,Southwark
Robert,58,2009-11-23,2009,Westminster
Muhammad Amirul,27,2009-11-29,2009,Tower Hamlets
Seamus,50,2009-12-10,2009,Ealing
Manji Harji,48,2009-12-10,2009,Brent
Phillip,62,2009-12-14,2009,Greenwich
David Charles George,23,2009-12-20,2009,Waltham Forest
Salum,18,2009-12-21,2009,Tower Hamlets
Julie,40,2009-12-31,2009,Haringey
Aysel,38,2009-12-31,2009,Enfield
Darren,34,2010-01-01,2010,Croydon
Maria,44,2010-01-01,2010,Barnet
Frazer,34,2010-01-01,2010,Hillingdon
Mahamud,21,2010-01-06,2010,Newham
Sukhwinder,31,2010-01-09,2010,Barking & Dagenham
Ugarajan,34,2010-01-13,2010,Harrow
Isschan,18,2010-01-14,2010,Tower Hamlets
Frank,63,2010-02-04,2010,Lewisham
Ajit,12,2010-02-10,2010,Barking & Dagenham
Mark,26,2010-02-15,2010,Croydon
Bandar,32,2010-02-17,2010,Westminster
Olukorede,17,2010-02-20,2010,Newham
Hannah,10,2010-02-24,2010,Tower Hamlets
Jessie Elouise,16,2010-03-05,2010,Islington
Maria Isabel Ferreir,37,2010-03-06,2010,Tower Hamlets
Kelvin Ruben,26,2010-03-08,2010,Waltham Forest
Abdel SalemHassan,51,2010-03-13,2010,Lewisham
Carmen,30,2010-03-13,2010,Redbridge
Mohammed Majid,62,2010-03-15,2010,Hammersmith & Fulham
Ibrahim,20,2010-03-19,2010,Tower Hamlets
Alvydas,32,2010-03-21,2010,Waltham Forest
Ezra,22,2010-03-22,2010,Lambeth
Don,72,2010-03-22,2010,Harrow
Gulistan,26,2010-03-23,2010,Hackney
Howarun,69,2010-03-25,2010,Tower Hamlets
Fathi,26,2010-03-26,2010,Camden
Godwin,17,2010-03-27,2010,Hackney
Aliza Ahmed,18,2010-04-04,2010,Newham
Tadas,22,2010-04-04,2010,Haringey
Dorothy,83,2010-04-05,2010,Enfield
Mark,21,2010-04-10,2010,Lambeth
Gurmall Singh,42,2010-04-10,2010,Ealing
Prodip,31,2010-04-10,2010,Tower Hamlets
Errol,37,2010-04-11,2010,Waltham Forest
Karimot Olatoun Agne,16,2010-04-14,2010,Hackney
I ndra,70,2010-04-14,2010,Croydon
Stephen,46,2010-04-14,2010,Haringey
Sam,20,2010-04-15,2010,Islington
Wesley,16,2010-04-18,2010,Croydon
Robert,46,2010-04-24,2010,Lambeth
Michael,52,2010-04-24,2010,Lewisham
Charlie,17,2010-04-26,2010,Greenwich
Geoffrey,90,2010-04-26,2010,Southwark
Daniel,43,2010-04-27,2010,Sutton
Nathan,21,2010-05-03,2010,Lewisham
Kenneth,77,2010-05-03,2010,Ealing
Robert,49,2010-05-04,2010,Sutton
Nicholas,16,2010-05-06,2010,Lewisham
Joseph,21,2010-05-07,2010,Haringey
Marcin,19,2010-05-09,2010,Islington
Irene,88,2010-05-15,2010,Greenwich
Joan Helen,84,2010-05-20,2010,Newham
Daniel Omari,22,2010-05-22,2010,Westminster
Patrick,36,2010-05-29,2010,Newham
Matthew,23,2010-05-30,2010,Lewisham
Eugene,27,2010-06-01,2010,Newham
Samuel Akinyemi,17,2010-06-02,2010,Southwark
Jaabe,28,2010-06-09,2010,Hammersmith & Fulham
Paul Royston,54,2010-06-11,2010,Brent
Czarina Laura,21,2010-06-17,2010,Lambeth
Uche Michael,49,2010-06-19,2010,Greenwich
Michael,35,2010-06-23,2010,Lewisham
Nazarine,58,2010-06-25,2010,Croydon
Zac,15,2010-07-02,2010,Lambeth
Donna Yvonne,50,2010-07-02,2010,Islington
Ailton,16,2010-07-04,2010,Newham
Wayne,39,2010-07-06,2010,Waltham Forest
Jack,1,2010-07-07,2010,Havering
Nezir,45,2010-07-08,2010,Barnet
Osman,58,2010-07-10,2010,Newham
Lennie,54,2010-07-18,2010,Lewisham
Peter,47,2010-07-21,2010,Brent
Grazyna,47,2010-07-21,2010,Hackney
Amanda,36,2010-07-23,2010,Ealing
Malcolm,43,2010-07-27,2010,Enfield
Sandra,44,2010-07-29,2010,Hounslow
Toni,24,2010-08-07,2010,Greenwich
Svetlana,40,2010-08-12,2010,Newham
Jaypee Sunnes,29,2010-08-13,2010,Brent
Antonina,70,2010-08-23,2010,Newham
Pat,41,2010-08-28,2010,Enfield
Norman,46,2010-09-05,2010,Lewisham
Ghada,55,2010-09-06,2010,Ealing
Rio,18,2010-09-07,2010,Southwark
Michael,67,2010-09-09,2010,Ealing
Beata Agnieszka,33,2010-09-09,2010,Barnet
Harbharjan,31,2010-09-10,2010,Redbridge
Ricardo,23,2010-09-12,2010,Lambeth
Imran,50,2010-09-16,2010,Barnet
Siariah,2,2010-09-18,2010,Southwark
Kevlin,26,2010-10-16,2010,Newham
Amanda,34,2010-10-16,2010,Brent
Carl,41,2010-10-17,2010,Barking & Dagenham
Ibrahim,54,2010-10-20,2010,Hammersmith & Fulham
Lee John,35,2010-10-22,2010,Harrow
John,50,2010-10-22,2010,Lambeth
Samuel,16,2010-10-23,2010,Newham
Marvin,17,2010-10-27,2010,Barnet
Maciej,27,2010-10-31,2010,Camden
Lucas Jimmy Ray,10,2010-11-01,2010,Harrow
Stephanie,12,2010-11-01,2010,Ealing
James,67,2010-11-04,2010,Harrow
Sellathurai,40,2010-11-07,2010,Newham
Lee,25,2010-11-09,2010,Islington
Weis,18,2010-11-09,2010,Barnet
Jayson,28,2010-11-10,2010,Islington
Leroy Anthony,43,2010-11-15,2010,Lambeth
Frell,38,2010-11-15,2010,Brent
Padurep,29,2010-11-27,2010,Barnet
Stephen,33,2010-11-28,2010,Hounslow
Sylvester,33,2010-11-29,2010,Waltham Forest
Joan,69,2010-12-03,2010,Wandsworth
Erik,22,2010-12-05,2010,Southwark
Steven,38,2010-12-08,2010,Hackney
Winifred,83,2010-12-10,2010,Sutton
Jacqueline,34,2010-12-11,2010,Barnet
Danny,24,2010-12-14,2010,Croydon
Marcan,38,2010-12-14,2010,Brent
Nusayba,4,2010-12-16,2010,Hackney
Mohammad,40,2010-12-19,2010,Haringey
Anthony Shino,33,2010-12-24,2010,Hillingdon
Kristy,15,2010-12-25,2010,Newham
Sylvester,17,2010-12-29,2010,Southwark
William,91,2010-12-29,2010,Haringey
Jitka,27,2011-01-02,2011,Barnet
Fiza,27,2011-01-04,2011,Waltham Forest
Paul,40,2011-01-05,2011,Hackney
Victor,67,2011-01-05,2011,Haringey
Fletcher,1,2011-01-06,2011,Havering
Kartikkumar,23,2011-01-07,2011,Greenwich
Lloyd,73,2011-01-16,2011,Enfield
Wing Juan,18,2011-01-19,2011,Haringey
Michael,27,2011-01-19,2011,Waltham Forest
Kasey,15,2011-01-21,2011,Haringey
Ezekiel,17,2011-01-24,2011,Waltham Forest
Daniel,18,2011-01-29,2011,Southwark
Igor,37,2011-01-31,2011,Newham
Keith,84,2011-01-31,2011,Haringey
Anthony John,36,2011-02-01,2011,Lambeth
Lorna,45,2011-02-03,2011,Lambeth
Kunalini,42,2011-02-04,2011,Lewisham
Siobhan,33,2011-02-08,2011,Bromley
Csaba,42,2011-02-09,2011,Lewisham
Ross,10,2011-02-13,2011,Southwark
Samuel,23,2011-02-13,2011,Bromley
Regina,8,2011-02-16,2011,Southwark
Pat,86,2011-02-22,2011,Lewisham
Albert,80,2011-02-26,2011,Redbridge
Gagandip,21,2011-02-27,2011,Greenwich
Solomon,34,2011-02-28,2011,Lambeth
Santharawathy,60,2011-03-01,2011,Lewisham
Michael,12,2011-03-04,2011,Camden
Ramluishaya,82,2011-03-07,2011,Tower Hamlets
Sunil,29,2011-03-08,2011,Tower Hamlets
Lee,60,2011-03-09,2011,Greenwich
Piotr,29,2011-03-12,2011,Hammersmith & Fulham
Louisa Jane,35,2011-03-14,2011,Sutton
WlodzimierzJanusz,59,2011-03-19,2011,Brent
Eileen,73,2011-03-23,2011,Tower Hamlets
Alan,63,2011-03-26,2011,Waltham Forest
Kelvin,22,2011-03-27,2011,Tower Hamlets
Winston,33,2011-04-01,2011,Waltham Forest
Kowshar,24,2011-04-02,2011,Tower Hamlets
Negus,15,2011-04-10,2011,Enfield
Isaiah,21,2011-04-14,2011,Lambeth
Devon,32,2011-04-17,2011,Lambeth
Joelle,1,2011-04-18,2011,Lambeth
Milad,23,2011-04-20,2011,Camden
Zandra,24,2011-04-20,2011,Haringey
Paulo,25,2011-04-25,2011,Enfield
Lucy,29,2011-04-26,2011,Tower Hamlets
Aden,21,2011-05-03,2011,Ealing
Wayne,42,2011-05-07,2011,Tower Hamlets
Randy,27,2011-05-10,2011,Hammersmith & Fulham
James William,79,2011-05-11,2011,Lewisham
Temidayo Fuwad,15,2011-05-11,2011,Lambeth
Badi,35,2011-05-12,2011,Camden
Harjit,24,2011-05-14,2011,Ealing
Aaron,24,2011-05-27,2011,Ealing
Aiper,43,2011-05-27,2011,Lambeth
Clarence Nil,23,2011-05-28,2011,Haringey
Sodiq,25,2011-06-01,2011,Lambeth
Nana Deltarko,18,2011-06-07,2011,Lambeth
Christopher,30,2011-06-07,2011,Hammersmith & Fulham
Michael,56,2011-06-08,2011,Southwark
Shaun,42,2011-06-16,2011,Lewisham
Sarwad,60,2011-06-20,2011,Barnet
Mahad,20,2011-06-22,2011,Wandsworth
Kenrick,36,2011-06-23,2011,Lambeth
Philomena,81,2011-06-25,2011,Islington
Andrew,30,2011-06-26,2011,Enfield
Andrew,21,2011-06-27,2011,Islington
Andrzej,28,2011-06-29,2011,Haringey
Carlton Leonard,41,2011-07-01,2011,Croydon
Yemurai Lovemore,16,2011-07-01,2011,Bexley
Genson,23,2011-07-05,2011,Greenwich
Anthony,41,2011-07-05,2011,Wandsworth
Mumtahinna,29,2011-07-05,2011,Newham
Umesh,41,2011-07-06,2011,Croydon
Carlos,27,2011-07-16,2011,Barnet
Jerry,22,2011-07-19,2011,Southwark
Vitalijs,38,2011-07-22,2011,Southwark
Eric,50,2011-08-04,2011,Brent
Daniel,20,2011-08-07,2011,Lambeth
Trevor,26,2011-08-09,2011,Croydon
Tibor,20,2011-08-10,2011,Hillingdon
Richard Mannington,68,2011-08-10,2011,Ealing
Thomas,17,2011-08-10,2011,Bromley
Abdullahi,31,2011-08-11,2011,Ealing
Alice,20,2011-08-12,2011,Hillingdon
Zbigniew,56,2011-08-12,2011,Barnet
Paul,35,2011-08-14,2011,Croydon
Kelvin Robert,17,2011-08-15,2011,Redbridge
Leroy,14,2011-08-18,2011,Enfield
Jonathan Anthony,20,2011-08-24,2011,Croydon
Steven,21,2011-08-31,2011,Enfield
Maymoun,39,2011-09-02,2011,Islington
Michael John,44,2011-09-06,2011,Brent
